                  epoch,         train/box_loss,         train/cls_loss,         train/dfl_loss,   metrics/precision(B),      metrics/recall(B),       metrics/mAP50(B),    metrics/mAP50-95(B),           val/box_loss,           val/cls_loss,           val/dfl_loss,                 lr/pg0,                 lr/pg1,                 lr/pg2
                      1,                0.62337,                 1.2513,                 1.1602,                0.86176,                0.93266,                0.91267,                0.77434,                0.65546,                0.78444,                 1.5261,             0.00054863,             0.00054863,             0.00054863
                      2,                0.55329,                0.68542,                 1.0951,                0.71551,                0.87023,                0.87969,                0.64436,                0.76813,                0.98161,                 1.5072,              0.0010988,              0.0010988,              0.0010988
                      3,                0.56862,                0.64574,                 1.0929,                0.60635,                0.86352,                0.71769,                0.59252,                0.80579,                0.87035,                 1.4787,              0.0016435,              0.0016435,              0.0016435
                      4,                0.54828,                0.57529,                 1.0911,                0.83626,                  0.822,                0.88756,                0.68786,                0.67361,                0.67694,                 1.2649,              0.0016422,              0.0016422,              0.0016422
                      5,                0.52992,                0.59628,                 1.0814,                0.69855,                0.86128,                0.98344,                0.83038,                0.68133,                0.77711,                 1.3202,               0.001634,               0.001634,               0.001634
                      6,                0.50568,                 0.5449,                 1.0607,                0.58903,                0.89216,                0.90221,                0.75758,                0.63877,                0.95823,                 1.2344,              0.0016257,              0.0016257,              0.0016257
                      7,                0.49709,                0.54453,                 1.0547,                0.85773,                0.97549,                0.99029,                0.83292,                0.66011,                0.54601,                  1.274,              0.0016175,              0.0016175,              0.0016175
                      8,                0.49015,                0.50146,                 1.0559,                0.85737,                0.98654,                0.99115,                0.85986,                0.62758,                0.44104,                 1.2365,              0.0016092,              0.0016092,              0.0016092
                      9,                0.49481,                0.49112,                 1.0531,                0.95743,                0.96878,                0.98084,                0.82475,                 0.7427,                0.50945,                 1.3896,               0.001601,               0.001601,               0.001601
                     10,                0.46576,                0.50476,                 1.0401,                0.88535,                0.86583,                0.97159,                0.84436,                0.62556,                0.53425,                 1.2228,              0.0015927,              0.0015927,              0.0015927
                     11,                0.47516,                0.46508,                 1.0333,                0.96482,                0.99029,                0.99245,                 0.8733,                0.59332,                 0.2855,                 1.2047,              0.0015845,              0.0015845,              0.0015845
                     12,                0.45826,                0.47217,                 1.0295,                0.99284,                0.96388,                0.99252,                0.87986,                0.59421,                0.33063,                 1.2066,              0.0015762,              0.0015762,              0.0015762
                     13,                0.46493,                0.47077,                 1.0302,                0.93917,                0.96878,                0.98894,                0.86171,                0.59693,                0.37125,                 1.2025,               0.001568,               0.001568,               0.001568
                     14,                0.45025,                0.46031,                 1.0273,                0.92869,                 0.9951,                0.96262,                0.84582,                0.57637,                0.34383,                 1.1307,              0.0015597,              0.0015597,              0.0015597
                     15,                0.45162,                0.44457,                 1.0229,                0.97927,                0.99563,                0.99495,                0.87373,                0.59972,                0.33661,                 1.1737,              0.0015515,              0.0015515,              0.0015515
                     16,                 0.4476,                0.44606,                 1.0233,                0.99287,                0.98514,                0.99495,                0.86406,                0.57839,                0.29263,                 1.1716,              0.0015432,              0.0015432,              0.0015432
                     17,                0.44137,                0.44957,                 1.0269,                0.99069,                0.99586,                 0.9949,                0.87878,                0.56608,                0.27354,                 1.1368,               0.001535,               0.001535,               0.001535
                     18,                0.42789,                0.44512,                 1.0256,                0.97026,                0.98193,                0.99456,                0.87768,                0.59759,                0.35775,                 1.1506,              0.0015267,              0.0015267,              0.0015267
                     19,                0.43484,                0.43336,                 1.0127,                0.98666,                 0.9951,                  0.995,                0.88042,                0.59684,                0.31556,                 1.1728,              0.0015185,              0.0015185,              0.0015185
                     20,                0.43655,                0.42308,                 1.0199,                0.99103,                0.96508,                0.99375,                0.87596,                0.55753,                0.29945,                 1.1224,              0.0015102,              0.0015102,              0.0015102
                     21,                0.44027,                0.42065,                 1.0232,                0.95825,                0.95123,                0.98391,                0.86911,                 0.5846,                 0.3439,                 1.1768,               0.001502,               0.001502,               0.001502
                     22,                0.42632,                0.41779,                 1.0231,                0.90921,                0.98471,                0.99262,                0.86571,                0.63031,                0.47137,                 1.2651,              0.0014937,              0.0014937,              0.0014937
                     23,                0.43153,                0.40099,                 1.0091,                0.99403,                0.99837,                  0.995,                0.88642,                0.57302,                 0.2465,                 1.1561,              0.0014855,              0.0014855,              0.0014855
                     24,                0.43072,                0.40694,                 1.0186,                 0.9776,                0.96394,                0.97669,                0.84285,                0.59517,                0.38827,                 1.1758,              0.0014772,              0.0014772,              0.0014772
                     25,                0.42042,                0.41248,                 1.0082,                0.94493,                0.96709,                0.96956,                0.86029,                0.56098,                0.34214,                 1.1206,               0.001469,               0.001469,               0.001469
                     26,                0.42381,                0.40213,                 1.0129,                0.99191,                0.99148,                  0.995,                0.86568,                0.56635,                0.32174,                 1.1446,              0.0014607,              0.0014607,              0.0014607
                     27,                0.42774,                0.42027,                 1.0182,                0.97065,                0.99235,                0.99375,                0.86904,                0.55534,                0.30262,                  1.143,              0.0014525,              0.0014525,              0.0014525
                     28,                0.42967,                0.41055,                 1.0112,                0.89622,                0.94335,                0.99086,                0.86778,                0.63463,                0.40623,                 1.2386,              0.0014442,              0.0014442,              0.0014442
                     29,                 0.4215,                0.40288,                 1.0112,                 0.9732,                0.96878,                0.97118,                0.85485,                0.59372,                0.35598,                 1.1739,               0.001436,               0.001436,               0.001436
                     30,                0.42236,                0.40392,                 1.0123,                0.95551,                0.96001,                0.98773,                 0.8605,                0.60853,                0.41564,                 1.2008,              0.0014277,              0.0014277,              0.0014277
                     31,                0.41993,                0.38807,                 1.0141,                0.92227,                0.96878,                0.96482,                0.85264,                0.56595,                0.37785,                 1.1435,              0.0014195,              0.0014195,              0.0014195
                     32,                0.40554,                0.38642,                 1.0035,                0.95759,                0.93378,                0.99495,                0.86831,                0.58183,                0.31184,                 1.1562,              0.0014112,              0.0014112,              0.0014112
                     33,                0.42009,                0.39221,                 1.0118,                 0.8819,                0.95524,                0.97115,                0.87354,                0.56628,                0.33408,                 1.1104,              0.0014029,              0.0014029,              0.0014029
                     34,                0.41712,                0.39569,                 1.0091,                0.97963,                0.96149,                0.97189,                0.84392,                0.62262,                0.35696,                 1.2502,              0.0013947,              0.0013947,              0.0013947
                     35,                0.41632,                0.39851,                 1.0075,                0.98572,                0.95145,                0.98974,                0.87492,                0.55035,                0.29673,                 1.0978,              0.0013864,              0.0013864,              0.0013864
                     36,                0.40748,                0.37276,                  1.003,                 0.9711,                 0.9693,                0.97528,                0.87064,                0.55496,                0.25564,                 1.1087,              0.0013782,              0.0013782,              0.0013782
                     37,                0.41412,                0.38975,                 1.0121,                0.94579,                0.94242,                  0.995,                0.87569,                0.57739,                0.36457,                 1.1343,              0.0013699,              0.0013699,              0.0013699
                     38,                0.40207,                0.38406,                0.99931,                0.92384,                0.99035,                0.97599,                0.85058,                0.57514,                0.35991,                 1.1261,              0.0013617,              0.0013617,              0.0013617
                     39,                0.41964,                0.40062,                 1.0061,                0.94245,                0.96878,                0.94777,                0.85092,                0.57051,                0.29217,                 1.1225,              0.0013534,              0.0013534,              0.0013534
                     40,                0.40571,                0.38449,                 1.0014,                0.92249,                0.96388,                0.96903,                0.85738,                0.59028,                0.30065,                 1.1303,              0.0013452,              0.0013452,              0.0013452
                     41,                0.40312,                0.37951,                0.99729,                0.96198,                0.96581,                0.96956,                0.85943,                0.57145,                0.26815,                 1.1187,              0.0013369,              0.0013369,              0.0013369
                     42,                0.39508,                0.39227,                0.99695,                0.95016,                0.93967,                0.96973,                0.86659,                0.58061,                 0.3191,                 1.1277,              0.0013287,              0.0013287,              0.0013287
                     43,                0.38789,                0.37731,                 0.9962,                  0.971,                0.95408,                0.97123,                0.87316,                0.56583,                0.29381,                 1.1172,              0.0013204,              0.0013204,              0.0013204
                     44,                0.39795,                0.37315,                 1.0001,                0.97175,                 0.9951,                0.99375,                0.87244,                0.55614,                0.27218,                 1.0977,              0.0013122,              0.0013122,              0.0013122
                     45,                0.39511,                0.37451,                0.99197,                0.99648,                0.99545,                  0.995,                0.85369,                0.57516,                0.26176,                 1.1193,              0.0013039,              0.0013039,              0.0013039
                     46,                0.40599,                0.36598,                  1.003,                0.99258,                0.98529,                 0.9949,                0.88563,                0.56072,                 0.2564,                 1.1117,              0.0012957,              0.0012957,              0.0012957
                     47,                0.39781,                0.37441,                0.99855,                0.98315,                 0.9951,                  0.995,                0.89302,                0.53601,                0.24498,                 1.0908,              0.0012874,              0.0012874,              0.0012874
                     48,                0.40506,                0.36342,                 1.0022,                0.98963,                 0.9671,                 0.9937,                0.89033,                0.56576,                0.29155,                 1.1399,              0.0012792,              0.0012792,              0.0012792
                     49,                0.39669,                0.37939,                0.99542,                 0.9923,                0.99506,                0.99495,                0.85566,                 0.5666,                0.27087,                 1.1234,              0.0012709,              0.0012709,              0.0012709
                     50,                0.40632,                0.36986,                 1.0037,                0.95012,                0.96256,                0.96998,                0.85225,                0.55214,                0.32248,                 1.1077,              0.0012627,              0.0012627,              0.0012627
                     51,                0.39941,                0.36286,                0.99721,                0.94554,                0.96878,                0.97356,                0.86794,                 0.5774,                0.27284,                 1.1417,              0.0012544,              0.0012544,              0.0012544
                     52,                 0.3898,                0.36593,                0.99739,                0.94831,                0.93447,                0.98899,                 0.8806,                0.57493,                0.30569,                 1.1256,              0.0012462,              0.0012462,              0.0012462
                     53,                0.39936,                0.35861,                  1.001,                0.96597,                0.96929,                0.97193,                  0.874,                0.56251,                0.26981,                 1.1408,              0.0012379,              0.0012379,              0.0012379
                     54,                0.38762,                0.35155,                0.98501,                0.92873,                0.98584,                0.99125,                0.86801,                0.54967,                0.29772,                 1.1058,              0.0012297,              0.0012297,              0.0012297
                     55,                0.39625,                0.35013,                0.99565,                0.94491,                0.96878,                0.96091,                0.85359,                0.56365,                0.27785,                 1.1516,              0.0012214,              0.0012214,              0.0012214
                     56,                0.38848,                0.36866,                 0.9922,                 0.9449,                0.96388,                0.97207,                0.87126,                0.56395,                0.25121,                 1.1215,              0.0012132,              0.0012132,              0.0012132
                     57,                0.38829,                0.34922,                0.99054,                0.94779,                0.96549,                0.97294,                0.87522,                0.56929,                0.28244,                 1.1403,              0.0012049,              0.0012049,              0.0012049
                     58,                0.38588,                0.35195,                 0.9868,                0.94622,                0.96878,                0.97267,                0.87576,                0.56649,                0.26904,                 1.1307,              0.0011967,              0.0011967,              0.0011967
                     59,                0.37959,                0.35459,                0.98405,                0.94027,                0.95408,                0.98338,                0.87329,                 0.5584,                0.31048,                  1.115,              0.0011884,              0.0011884,              0.0011884
                     60,                0.38936,                0.34375,                0.99213,                0.94438,                0.95983,                0.97317,                0.87529,                0.56428,                0.24369,                 1.1343,              0.0011802,              0.0011802,              0.0011802
                     61,                0.38812,                0.35017,                0.98889,                0.94833,                0.96356,                0.96835,                0.86176,                0.57252,                0.27062,                  1.115,              0.0011719,              0.0011719,              0.0011719
                     62,                0.38826,                0.33722,                0.99055,                0.94633,                0.96878,                0.97777,                0.88221,                0.57386,                0.25957,                 1.1285,              0.0011636,              0.0011636,              0.0011636
                     63,                0.39146,                0.33313,                0.99253,                  0.945,                0.96878,                0.96515,                0.85408,                0.59134,                0.29098,                 1.1716,              0.0011554,              0.0011554,              0.0011554
                     64,                0.39174,                0.35895,                0.99704,                0.94723,                0.96878,                0.97693,                0.88151,                0.57535,                0.26547,                 1.1286,              0.0011471,              0.0011471,              0.0011471
                     65,                0.37933,                0.34323,                0.98697,                 0.9492,                0.96878,                0.97623,                 0.8802,                0.56089,                0.25353,                 1.1183,              0.0011389,              0.0011389,              0.0011389
                     66,                0.36997,                0.33471,                0.97958,                 0.9475,                0.96878,                0.93235,                0.83394,                0.54945,                0.28111,                 1.1182,              0.0011306,              0.0011306,              0.0011306
                     67,                0.37137,                0.33148,                0.98745,                  0.975,                0.96623,                0.97351,                0.87671,                0.57757,                0.27779,                 1.1258,              0.0011224,              0.0011224,              0.0011224
                     68,                0.36872,                0.33911,                0.98119,                0.94263,                0.96723,                0.97601,                0.87498,                0.56977,                0.27906,                  1.138,              0.0011141,              0.0011141,              0.0011141
                     69,                0.37445,                0.32232,                0.98365,                0.94372,                0.96878,                0.97438,                0.88387,                0.55879,                0.24745,                 1.1166,              0.0011059,              0.0011059,              0.0011059
                     70,                0.38185,                0.34131,                0.98989,                0.96555,                0.97526,                0.98835,                0.86527,                0.54271,                0.33735,                 1.1123,              0.0010976,              0.0010976,              0.0010976
                     71,                 0.3765,                0.34383,                0.98729,                0.94576,                0.96878,                0.97999,                0.87847,                0.57329,                0.26691,                 1.1423,              0.0010894,              0.0010894,              0.0010894
                     72,                0.37919,                0.33149,                0.98103,                0.94854,                 0.9694,                0.97984,                0.88686,                0.57811,                0.25278,                 1.1432,              0.0010811,              0.0010811,              0.0010811
                     73,                0.37479,                 0.3441,                0.98619,                0.94457,                0.96707,                 0.9802,                0.86732,                0.56307,                0.28284,                 1.1201,              0.0010729,              0.0010729,              0.0010729
                     74,                 0.3654,                0.34353,                0.98157,                 0.9675,                 0.9683,                0.97407,                0.88201,                0.56733,                0.27799,                 1.1173,              0.0010646,              0.0010646,              0.0010646
                     75,                0.37337,                0.34168,                0.98018,                0.96092,                0.99189,                0.99375,                0.88996,                0.55065,                0.25546,                 1.1026,              0.0010564,              0.0010564,              0.0010564
                     76,                0.36906,                0.32555,                0.97457,                0.96793,                0.96979,                0.97451,                0.88212,                0.55733,                0.22731,                 1.1204,              0.0010481,              0.0010481,              0.0010481
                     77,                0.36674,                0.31627,                0.98137,                0.96211,                0.96881,                0.96026,                0.86105,                 0.5665,                0.23031,                 1.1258,              0.0010399,              0.0010399,              0.0010399
                     78,                0.36482,                0.32469,                0.98093,                0.96794,                0.97368,                0.97696,                0.87287,                0.56668,                 0.2309,                 1.1453,              0.0010316,              0.0010316,              0.0010316
                     79,                0.36618,                0.33578,                0.97293,                0.96249,                 0.9537,                0.97023,                0.86447,                0.58907,                0.25085,                 1.1509,              0.0010234,              0.0010234,              0.0010234
                     80,                0.36125,                0.30787,                0.98221,                  0.938,                0.96742,                 0.9726,                0.88085,                0.55859,                0.26726,                  1.105,              0.0010151,              0.0010151,              0.0010151
                     81,                0.35505,                0.31188,                0.97192,                0.95909,                0.95959,                0.97855,                 0.8812,                0.56582,                0.23601,                 1.1522,              0.0010069,              0.0010069,              0.0010069
                     82,                0.36729,                0.31951,                0.98345,                0.96915,                 0.9694,                0.97372,                0.88188,                0.54582,                0.23067,                 1.1021,             0.00099862,             0.00099862,             0.00099862
                     83,                0.35734,                 0.3047,                0.97624,                0.94368,                0.96816,                0.97754,                0.88433,                0.55886,                0.24621,                  1.104,             0.00099036,             0.00099036,             0.00099036
                     84,                0.36559,                0.33423,                0.98463,                0.94307,                0.96878,                0.97855,                0.88103,                 0.5731,                0.25949,                 1.1544,             0.00098211,             0.00098211,             0.00098211
                     85,                0.36184,                0.31844,                0.97614,                0.93333,                0.96878,                0.97452,                0.88013,                0.56503,                0.25221,                 1.1213,             0.00097386,             0.00097386,             0.00097386
                     86,                0.36041,                0.30881,                0.98231,                0.96471,                0.96878,                 0.9751,                0.88326,                0.56583,                0.22228,                 1.1267,             0.00096561,             0.00096561,             0.00096561
                     87,                0.35797,                0.31168,                0.97447,                 0.9483,                 0.9902,                0.98961,                0.87961,                0.56623,                0.28354,                 1.1333,             0.00095736,             0.00095736,             0.00095736
                     88,                0.34988,                0.32365,                0.97022,                0.94338,                0.96878,                0.96975,                0.87386,                0.55819,                 0.2576,                 1.1269,             0.00094911,             0.00094911,             0.00094911
                     89,                0.36651,                0.33703,                0.98163,                0.94628,                0.96807,                0.93834,                0.83783,                0.59165,                0.26202,                 1.1491,             0.00094085,             0.00094085,             0.00094085
                     90,                0.36147,                0.32236,                0.97955,                0.96163,                0.96478,                0.96642,                0.86946,                0.57878,                0.26487,                 1.1446,              0.0009326,              0.0009326,              0.0009326
                     91,                0.36137,                  0.316,                0.97773,                0.94911,                0.96806,                0.97623,                0.89249,                0.55017,                0.25124,                 1.0976,             0.00092435,             0.00092435,             0.00092435
                     92,                0.35193,                 0.3215,                0.96693,                0.94908,                0.96887,                0.95786,                0.86215,                0.56412,                0.26418,                 1.1349,              0.0009161,              0.0009161,              0.0009161
                     93,                0.35611,                0.32711,                0.97385,                0.95783,                0.96388,                 0.9617,                0.85616,                0.58092,                 0.2741,                 1.1752,             0.00090785,             0.00090785,             0.00090785
                     94,                 0.3501,                0.31584,                0.97146,                0.96667,                0.96908,                0.95754,                0.85766,                0.55818,                0.25901,                 1.1177,              0.0008996,              0.0008996,              0.0008996
                     95,                0.35616,                0.31408,                0.96774,                0.97176,                0.97368,                0.96558,                0.86733,                0.53853,                0.22966,                 1.1086,             0.00089134,             0.00089134,             0.00089134
                     96,                 0.3605,                0.29962,                0.97401,                0.97031,                 0.9696,                0.96045,                0.86836,                0.54712,                0.23551,                 1.1071,             0.00088309,             0.00088309,             0.00088309
                     97,                0.35386,                 0.2971,                0.97039,                0.94516,                0.96878,                0.95556,                0.84976,                0.58103,                0.28204,                 1.1411,             0.00087484,             0.00087484,             0.00087484
                     98,                0.35125,                0.30851,                0.96904,                0.96754,                0.99838,                 0.9925,                0.88734,                0.54069,                0.23042,                  1.097,             0.00086659,             0.00086659,             0.00086659
                     99,                0.35111,                0.30494,                0.97142,                0.96435,                 0.9653,                0.96927,                 0.8747,                0.56692,                0.23345,                 1.1611,             0.00085834,             0.00085834,             0.00085834
                    100,                0.35021,                0.29668,                0.97492,                0.93513,                0.96196,                0.94038,                0.84663,                0.55733,                 0.2665,                 1.1249,             0.00085009,             0.00085009,             0.00085009
                    101,                0.34665,                0.30892,                0.97321,                0.96939,                0.97004,                0.95925,                0.86449,                0.54359,                0.21947,                   1.14,             0.00084184,             0.00084184,             0.00084184
                    102,                0.34676,                0.30517,                0.96578,                0.97111,                0.97053,                0.95684,                0.86003,                0.55707,                0.21848,                 1.1342,             0.00083358,             0.00083358,             0.00083358
                    103,                0.33674,                0.30162,                0.96433,                0.97116,                0.97368,                0.97125,                0.87992,                0.57297,                0.22938,                 1.1553,             0.00082533,             0.00082533,             0.00082533
                    104,                0.34495,                0.30193,                0.96875,                0.97208,                  0.971,                0.95065,                0.86112,                0.54461,                0.25485,                 1.1158,             0.00081708,             0.00081708,             0.00081708
                    105,                0.34908,                 0.3237,                0.96886,                0.96839,                0.96902,                0.95213,                0.86069,                0.55819,                0.21803,                 1.1278,             0.00080883,             0.00080883,             0.00080883
                    106,                0.34261,                0.29903,                0.96624,                0.94609,                0.96912,                0.95024,                 0.8564,                0.56811,                0.24953,                 1.1604,             0.00080058,             0.00080058,             0.00080058
                    107,                0.34456,                0.30154,                0.96376,                      1,                0.96367,                0.97475,                0.87319,                0.60397,                0.25168,                 1.1677,             0.00079233,             0.00079233,             0.00079233
                    108,                0.34068,                0.28601,                 0.9669,                0.94774,                 0.9686,                0.96454,                0.86467,                 0.5669,                0.24453,                 1.1335,             0.00078407,             0.00078407,             0.00078407
                    109,                0.34497,                0.29249,                0.96612,                0.96937,                0.96968,                0.97675,                 0.8811,                0.56973,                0.22384,                 1.1271,             0.00077582,             0.00077582,             0.00077582
                    110,                0.33764,                0.29376,                0.96494,                  0.962,                0.96344,                 0.9614,                0.86456,                0.57847,                0.24738,                  1.151,             0.00076757,             0.00076757,             0.00076757
                    111,                0.32909,                0.28304,                0.96204,                0.94549,                0.96921,                0.97172,                0.87632,                0.56819,                 0.2449,                 1.1526,             0.00075932,             0.00075932,             0.00075932
                    112,                0.33994,                0.29697,                0.96248,                0.96935,                0.96621,                 0.9511,                0.85447,                0.55614,                0.22563,                 1.1441,             0.00075107,             0.00075107,             0.00075107
                    113,                0.33797,                0.28706,                0.96003,                0.97113,                0.96751,                0.95133,                0.85511,                0.58087,                0.22831,                 1.1903,             0.00074282,             0.00074282,             0.00074282
                    114,                0.33964,                0.29306,                0.96664,                0.96369,                0.96878,                0.94896,                0.84183,                0.58472,                0.23471,                 1.1734,             0.00073456,             0.00073456,             0.00073456
                    115,                0.33714,                0.29227,                0.96486,                0.96174,                0.96878,                0.94963,                0.84364,                0.57717,                0.24331,                 1.1645,             0.00072631,             0.00072631,             0.00072631
                    116,                0.32803,                0.29215,                0.95709,                0.96892,                0.97061,                0.94731,                0.84801,                0.57578,                0.23868,                 1.1709,             0.00071806,             0.00071806,             0.00071806
                    117,                0.33512,                0.28837,                0.96247,                0.96782,                0.97368,                0.95429,                0.85414,                0.56501,                0.23397,                 1.1695,             0.00070981,             0.00070981,             0.00070981
                    118,                0.32687,                0.27952,                0.96146,                 0.9656,                 0.9673,                0.95124,                0.84698,                0.60865,                 0.2481,                 1.2333,             0.00070156,             0.00070156,             0.00070156
                    119,                0.32041,                0.27072,                0.95954,                0.96461,                0.96566,                0.94971,                0.84979,                0.56699,                0.25535,                 1.1359,             0.00069331,             0.00069331,             0.00069331
                    120,                0.33189,                0.28672,                0.95932,                0.94606,                 0.9883,                0.98025,                 0.8747,                0.56055,                0.26358,                 1.1337,             0.00068505,             0.00068505,             0.00068505
                    121,                0.32732,                0.27472,                0.95735,                0.96504,                  0.969,                0.95154,                  0.841,                0.58752,                0.25741,                  1.158,              0.0006768,              0.0006768,              0.0006768
                    122,                0.32821,                0.27515,                0.96125,                0.94928,                0.96612,                0.96257,                0.84216,                0.59299,                0.28465,                 1.1555,             0.00066855,             0.00066855,             0.00066855
                    123,                0.32199,                 0.2789,                0.95764,                0.94694,                0.95725,                0.96579,                0.86201,                0.58652,                0.26755,                 1.1673,              0.0006603,              0.0006603,              0.0006603
                    124,                0.32373,                 0.2775,                0.96181,                0.94812,                0.96878,                0.95773,                0.86455,                0.56482,                0.25065,                 1.1546,             0.00065205,             0.00065205,             0.00065205
                    125,                0.32361,                0.26943,                0.95366,                0.94597,                0.96915,                0.96358,                0.86962,                 0.5861,                  0.249,                 1.1726,              0.0006438,              0.0006438,              0.0006438
                    126,                 0.3292,                0.29281,                0.95927,                0.96943,                0.96603,                  0.955,                 0.8592,                0.58119,                0.24341,                 1.1617,             0.00063554,             0.00063554,             0.00063554
                    127,                0.32343,                 0.2704,                0.95941,                 0.9691,                0.96307,                0.94891,                0.83762,                0.57814,                0.25808,                 1.1448,             0.00062729,             0.00062729,             0.00062729
                    128,                0.32232,                0.27161,                0.95549,                0.97113,                0.96972,                0.96029,                0.85994,                0.60048,                0.24436,                 1.2015,             0.00061904,             0.00061904,             0.00061904
                    129,                0.32119,                0.26988,                0.95344,                0.94858,                0.96878,                0.93077,                0.82886,                0.58453,                0.27604,                 1.1562,             0.00061079,             0.00061079,             0.00061079
                    130,                0.31797,                0.27068,                0.95896,                0.94552,                0.96316,                0.93377,                0.83878,                  0.585,                 0.2624,                 1.1798,             0.00060254,             0.00060254,             0.00060254
                    131,                0.31163,                 0.2524,                0.94818,                0.96761,                0.96152,                0.95264,                0.85456,                0.57664,                0.22242,                 1.2004,             0.00059429,             0.00059429,             0.00059429
                    132,                0.31617,                0.26686,                0.95114,                0.96302,                0.94766,                 0.9616,                0.85778,                0.59479,                0.26004,                 1.2024,             0.00058603,             0.00058603,             0.00058603
                    133,                  0.318,                0.26617,                0.95389,                0.94766,                0.96898,                0.95429,                0.85039,                0.58951,                0.24454,                 1.1957,             0.00057778,             0.00057778,             0.00057778
                    134,                0.31602,                0.26357,                0.95787,                0.93888,                0.96805,                0.95351,                0.85013,                 0.5866,                0.26891,                 1.1881,             0.00056953,             0.00056953,             0.00056953
                    135,                0.30885,                0.26357,                0.95434,                0.96499,                0.95523,                0.97494,                0.86392,                0.61535,                0.24021,                  1.189,             0.00056128,             0.00056128,             0.00056128
                    136,                0.30081,                0.26234,                0.94361,                0.96229,                0.96409,                0.96589,                0.85888,                0.59644,                0.23317,                 1.2211,             0.00055303,             0.00055303,             0.00055303
                    137,                0.31578,                0.26335,                0.94755,                0.94805,                0.96915,                0.95513,                0.85948,                0.57588,                 0.2585,                 1.1537,             0.00054478,             0.00054478,             0.00054478
                    138,                0.31368,                0.26794,                0.95026,                 0.9382,                0.96878,                0.95001,                0.85309,                0.58105,                0.26082,                 1.1602,             0.00053652,             0.00053652,             0.00053652
                    139,                0.30716,                0.25434,                0.95147,                0.96331,                0.96906,                0.95463,                0.86654,                 0.5634,                0.24548,                 1.1498,             0.00052827,             0.00052827,             0.00052827
                    140,                0.30769,                 0.2665,                0.95019,                0.96737,                0.96754,                0.95429,                0.85482,                0.58245,                0.23185,                  1.189,             0.00052002,             0.00052002,             0.00052002
                    141,                0.30721,                0.26284,                0.94975,                0.94519,                0.96878,                0.93405,                0.82969,                0.59963,                0.24936,                 1.2125,             0.00051177,             0.00051177,             0.00051177
                    142,                0.30507,                0.25471,                0.94669,                0.97267,                0.96043,                0.97302,                0.86442,                0.58956,                0.24548,                 1.2046,             0.00050352,             0.00050352,             0.00050352
                    143,                0.30268,                0.26605,                0.94892,                0.94804,                0.96878,                0.96565,                0.86399,                0.59361,                0.24117,                  1.182,             0.00049527,             0.00049527,             0.00049527
                    144,                0.29716,                0.25024,                0.93899,                0.94575,                0.96878,                0.95125,                0.84482,                0.58998,                 0.2371,                 1.1926,             0.00048701,             0.00048701,             0.00048701
                    145,                0.30764,                0.25808,                0.94854,                0.94327,                0.96812,                0.95916,                0.85388,                0.58123,                0.25885,                 1.1808,             0.00047876,             0.00047876,             0.00047876
                    146,                0.31161,                0.25525,                0.94658,                0.94816,                0.96907,                0.97605,                0.88317,                0.58483,                0.25862,                 1.1862,             0.00047051,             0.00047051,             0.00047051
                    147,                0.29467,                0.24697,                0.94603,                 0.9676,                0.96329,                0.96376,                0.85681,                0.60235,                0.24906,                 1.2291,             0.00046226,             0.00046226,             0.00046226
